Name,Year,Rating,Date
Little Women,2019,5,2020-01-01
Uncut Gems,2019,4.5,2020-01-05
John Mulaney & The Sack Lunch Bunch,2019,4.5,2020-01-05
Seth Meyers: Lobby Baby,2019,,2020-01-06
John Mulaney & The Sack Lunch Bunch,2019,4.5,2020-01-09
Jenny Slate: Stage Fright,2019,,2020-01-09
Black Mirror: Bandersnatch,2018,3.5,2020-01-12
Go Figure,2005,,2020-01-15
Jojo Rabbit,2019,,2020-01-17
The Swap,2016,,2020-01-19
Mike Birbiglia: The New One,2019,4.5,2020-01-20
Michelle Wolf: Joke Show,2019,3.5,2020-01-20
Knives Out,2019,5,2020-01-24
Kim Possible: So the Drama,2005,,2020-01-25
How to Build a Better Boy,2014,,2020-01-25
Parasite,2019,5,2020-01-26
Paddington,2014,5,2020-02-01
Descendants 3,2019,,2020-02-02
Lady Bird,2017,5,2020-02-06
Birds of Prey (and the Fantabulous Emancipation of One Harley Quinn),2020,3,2020-02-07
Knives Out,2019,5,2020-02-07
Booksmart,2019,4.5,2020-02-10
Miss Americana,2020,2.5,2020-02-17
The Farewell,2019,4,2020-02-17
Horse Girl,2020,4,2020-02-18
Fortune Feimster: Sweet & Salty,2020,3.5,2020-02-18
Iliza Shlesinger: Unveiled,2019,,2020-02-19
Gabriel Fluffy Iglesias: One Show Fits All,2019,,2020-02-23
Portrait of a Lady on Fire,2019,5,2020-03-06
Parasite,2019,5,2020-03-07
Dolemite Is My Name,2019,3.5,2020-03-08
Pete Davidson: Alive from New York,2020,,2020-03-11
John Mulaney: Kid Gorgeous at Radio City,2018,,2020-03-11
Taylor Tomlinson: Quarter-Life Crisis,2020,,2020-03-12
Marc Maron: End Times Fun,2020,,2020-03-14
Tiffany Haddish: Black Mitzvah,2019,,2020-03-14
David A. Arnold: Fat Ballerina,2020,,2020-03-14
Toy Story 4,2019,4,2020-03-17
Horse Sense,1999,,2020-03-19
Nate Bargatze: The Tennessee Kid,2019,,2020-03-20
Hatching Pete,2009,,2020-03-21
Life Is Ruff,2005,,2020-03-22
Quints,2000,,2020-03-23
Austin Powers: International Man of Mystery,1997,4,2020-03-28
The Man Who Killed Don Quixote,2018,3.5,2020-03-29
Dave Chappelle: The Kennedy Center Mark Twain Prize,2020,,2020-04-05
Austin Powers: The Spy Who Shagged Me,1999,3.5,2020-04-06
Rosemary's Baby,1968,4.5,2020-04-06
Ingrid Goes West,2017,4.5,2020-04-06
Monty Python and the Holy Grail,1975,3.5,2020-04-07
Bathtubs Over Broadway,2018,4,2020-04-07
What We Do in the Shadows,2014,4,2020-04-08
The Death of Stalin,2017,2.5,2020-04-09
Frozen II,2019,,2020-04-09
Maria Bamford: The Special Special Special!,2012,,2020-04-10
Blazing Saddles,1974,4,2020-04-10
Scary Movie,2000,1.5,2020-04-11
Escape from New York,1981,4,2020-04-11
Fear and Desire,1952,3,2020-04-12
The Big Sick,2017,5,2020-04-12
The Evil Dead,1981,2.5,2020-04-13
Doctor Sleep,2019,4,2020-04-14
The Luck of the Irish,2001,,2020-04-15
Paths of Glory,1957,3.5,2020-04-16
Stop Making Sense,1984,5,2020-04-16
Bert Kreischer: Hey Big Boy,2020,,2020-04-17
John Mulaney: New in Town,2012,,2020-04-17
Tangerine,2015,,2020-04-19
Misery,1990,,2020-04-19
The Terminator,1984,3,2020-04-25
Paddington 2,2017,,2020-04-25
Jumping Ship,2001,,2020-05-02
The Suite Life Movie,2011,,2020-05-07
The Lonely Island Presents: The Unauthorized Bash Brothers Experience,2019,3.5,2020-05-08
Hail Caesar!,2016,3,2020-05-16
Avalon High,2010,,2020-05-17
Zenon: Girl of the 21st Century,1999,,2020-05-17
Yesterday,2019,2,2020-05-18
Zenon: The Zequel,2001,,2020-05-20
Tangled: Before Ever After,2017,,2020-05-20
You Lucky Dog,1998,,2020-05-23
Z-O-M-B-I-E-S 2,2020,,2020-05-23
Aliens,1986,4,2020-05-24
The End of the Tour,2015,3.5,2020-05-24
Moulin Rouge!,2001,4,2020-05-24
Smart House,1999,3,2020-05-26
Patton Oswalt: I Love Everything,2020,,2020-05-26
Cloud 9,2014,,2020-05-27
Midsommar,2019,4,2020-05-27
Up Up and Away,2000,,2020-05-28
Three Identical Strangers,2018,4.5,2020-05-28
Honey Boy,2019,4.5,2020-05-29
Minutemen,2008,4,2020-05-30
Swiss Army Man,2016,4.5,2020-06-01
Western Stars,2019,2.5,2020-06-02
The Lego Movie 2: The Second Part,2019,3,2020-06-02
Hannah Gadsby: Douglas,2020,,2020-06-03
Patton Oswalt: I Love Everything,2020,4,2020-06-03
The Color of Friendship,2000,,2020-06-04
Johnny Kapahala: Back on Board,2007,,2020-06-04
Jump In!,2007,,2020-06-04
Manufacturing Consent: Noam Chomsky and the Media,1992,3,2020-06-05
Alley Cats Strike,2000,,2020-06-07
Apocalypse Now,1979,4,2020-06-08
Jaws,1975,3.5,2020-06-09
The Proud Family Movie,2005,,2020-06-09
It Chapter Two,2019,2,2020-06-10
Rip Girls,2000,,2020-06-11
Buffalo Dreams,2005,,2020-06-11
Miracle in Lane 2,2000,,2020-06-13
Tiger Cruise,2004,,2020-06-13
Stepsister from Planet Weird,2000,,2020-06-14
Stuck in the Suburbs,2004,,2020-06-14
The Last Black Man in San Francisco,2019,4,2020-06-16
Ready to Run,2000,,2020-06-20
The Pervert's Guide to Ideology,2012,3.5,2020-06-21
Hairspray,1988,5,2020-06-23
Going to the Mat,2004,,2020-06-26
Eric Andre: Legalize Everything,2020,2.5,2020-06-27
Howl's Moving Castle,2004,,2020-06-28
Pride,2014,3.5,2020-06-30
Full-Court Miracle,2003,,2020-07-02
Hounded,2001,,2020-07-04
Radio Rebel,2012,4,2020-07-05
The Even Stevens Movie,2003,,2020-07-05
Jim Jefferies: Intolerant,2020,3.5,2020-07-10
Motocrossed,2001,,2020-07-11
Jett Jackson: The Movie,2001,,2020-07-12
Adventureland,2009,3,2020-07-14
Greener Grass,2019,5,2020-07-16
The Jennie Project,2001,,2020-07-18
I Am Divine,2013,3.5,2020-07-20
Right on Track,2003,,2020-07-22
The Poof Point,2001,,2020-07-24
The Scream Team,2002,,2020-07-26
Gotta Kick It Up!,2002,1,2020-07-27
The Parent Trap,1998,3,2020-07-28
Into the Inferno,2016,4.5,2020-08-04
You Wish!,2003,1.5,2020-08-05
Mulholland Drive,2001,4.5,2020-08-06
Cry-Baby,1990,5,2020-08-07
Sam Jay: 3 in the Morning,2020,,2020-08-07
Star Wars,1977,4,2020-08-09
Tru Confessions,2002,3.5,2020-08-09
Camp Rock,2008,4.5,2020-08-09
Camp Rock 2: The Final Jam,2010,4.5,2020-08-10
High School Musical,2006,4.5,2020-08-10
High School Musical 2,2007,5,2020-08-10
Troll Hunter,2010,3.5,2020-08-11
Good Time,2017,4,2020-08-13
A Dirty Shame,2004,4,2020-08-14
Cecil B. Demented,2000,3.5,2020-08-15
The Empire Strikes Back,1980,4.5,2020-08-16
Microcosmos,1996,3.5,2020-08-18
Pecker,1998,2.5,2020-08-20
James Veitch: Straight to VHS,2020,4.5,2020-08-21
Beth Stelling: Girl Daddy,2020,4,2020-08-21
Live from the Space Stage: A HALYX Story,2020,2.5,2020-08-21
Serial Mom,1994,4,2020-08-22
Return of the Jedi,1983,3.5,2020-08-23
Muppet Treasure Island,1996,4,2020-08-25
Multiple Maniacs,1970,4,2020-08-26
Star Wars: Episode I – The Phantom Menace,1999,1.5,2020-08-30
Spotlight,2015,4,2020-08-31
Holes,2003,3.5,2020-09-01
Pink Flamingos,1972,3,2020-09-04
Palm Springs,2020,3.5,2020-09-06
Star Wars: Episode II – Attack of the Clones,2002,,2020-09-06
Beetlejuice,1988,2.5,2020-09-08
Six by Sondheim,2013,4,2020-09-11
Female Trouble,1974,4,2020-09-11
Company,2008,5,2020-09-11
Polyester,1981,4,2020-09-12
Star Wars: Episode III – Revenge of the Sith,2005,2.5,2020-09-13
Once,2007,4,2020-09-15
Desperate Living,1977,3,2020-09-17
Mandy,2018,4.5,2020-09-19
Star Wars: The Force Awakens,2015,3,2020-09-20
Happy Death Day,2017,3,2020-09-21
Fantastic Mr. Fox,2009,4,2020-09-22
A Nightmare on Elm Street,1984,3.5,2020-09-23
The Host,2006,4,2020-09-25
Star Wars: The Last Jedi,2017,4.5,2020-09-27
The People Under the Stairs,1991,4.5,2020-09-28
Moana,2016,3.5,2020-09-29
eXistenZ,1999,3,2020-09-30
Pan's Labyrinth,2006,4,2020-10-01
The Silence of the Lambs,1991,4,2020-10-02
Us,2019,3.5,2020-10-02
The Thing,1982,4,2020-10-03
Star Wars: The Rise of Skywalker,2019,2,2020-10-04
A Nightmare on Elm Street Part 2: Freddy's Revenge,1985,3,2020-10-05
Kiki's Delivery Service,1989,4.5,2020-10-06
The Rocky Horror Picture Show,1975,3,2020-10-07
Friday the 13th,1980,3,2020-10-08
The Lighthouse,2019,5,2020-10-09
They Live,1988,5,2020-10-10
The Shining,1980,5,2020-10-11
Addams Family Values,1993,4.5,2020-10-12
Stop Making Sense,1984,5,2020-10-13
Blood Quantum,2019,2.5,2020-10-13
Halloween,1978,4,2020-10-15
The Haunted Mansion,2003,1.5,2020-10-15
Scream,1996,5,2020-10-16
Evil Dead II,1987,4,2020-10-17
Cry-Baby,1990,5,2020-10-18
Jennifer's Body,2009,4.5,2020-10-20
Color Out of Space,2019,2,2020-10-21
Mulholland Drive,2001,4.5,2020-10-22
A Nightmare on Elm Street 3: Dream Warriors,1987,4,2020-10-23
Room 237,2012,3.5,2020-10-24
Detention,2011,3,2020-10-25
The People Under the Stairs,1991,4.5,2020-10-27
Over the Garden Wall,2014,4,2020-10-28
House,1977,5,2020-10-30
Videodrome,1983,5,2020-10-31
Hubie Halloween,2020,2.5,2020-11-01
Everything Is Illuminated,2005,4.5,2020-11-01
Romeo + Juliet,1996,2,2020-11-03
David Byrne's American Utopia,2020,5,2020-11-06
Her Smell,2018,3.5,2020-11-08
Sing Street,2016,5,2020-11-08
The Lego Batman Movie,2017,3,2020-11-10
Mad Max: Fury Road,2015,4.5,2020-11-10
Ben Platt: Live from Radio City Music Hall,2020,3.5,2020-11-12
Big Fish,2003,3.5,2020-11-17
LEGO Star Wars Holiday Special,2020,3,2020-11-22
Clueless,1995,4,2020-11-22
Stop Making Sense,1984,5,2020-11-23
Paddington,2014,5,2020-11-24
Borat: Cultural Learnings of America for Make Benefit Glorious Nation of Kazakhstan,2006,3.5,2020-11-24
An American Pickle,2020,3.5,2020-11-24
Borat Subsequent Moviefilm,2020,4,2020-11-24
Ratatouille,2007,4.5,2020-11-24
Onward,2020,2,2020-11-25
Phineas and Ferb: The Movie: Candace Against the Universe,2020,3.5,2020-11-25
Twin Peaks: Fire Walk with Me,1992,3.5,2020-11-26
Happiest Season,2020,2,2020-11-26
Twin Peaks: The Missing Pieces,2014,2.5,2020-11-29
Knives Out,2019,5,2020-11-29
Greener Grass,2019,5,2020-11-30
Snowpiercer,2013,3.5,2020-12-01
8:46,2020,5,2020-12-02
A Muppet Family Christmas,1987,4,2020-12-04
David Byrne's American Utopia,2020,5,2020-12-05
True Stories,1986,5,2020-12-05
Twin Peaks: The Return,2017,4,2020-12-06
Eighth Grade,2018,5,2020-12-06
The Leprechauns' Christmas Gold,1981,1,2020-12-08
Rudolph the Red-Nosed Reindeer,1964,3,2020-12-08
The Year Without a Santa Claus,1974,3.5,2020-12-08
How the Grinch Stole Christmas,2000,4,2020-12-09
First Cow,2019,3.5,2020-12-12
High School Musical: The Musical: The Holiday Special,2020,4,2020-12-12
An Evening with Tim Heidecker,2020,4,2020-12-13
Dog Day Afternoon,1975,5,2020-12-13
Quinoa,2007,3.5,2020-12-13
Multiple Maniacs,1970,4,2020-12-15
Elf,2003,3.5,2020-12-15
Bill & Ted's Excellent Adventure,1989,4,2020-12-16
Polyester,1981,4,2020-12-16
Emma.,2020,3,2020-12-17
Eyes Wide Shut,1999,4.5,2020-12-17
Mulan,2020,1,2020-12-18
Emmet Otter's Jug-Band Christmas,1977,4.5,2020-12-18
I'm Thinking of Ending Things,2020,5,2020-12-19
Da 5 Bloods,2020,2,2020-12-19
Crip Camp: A Disability Revolution,2020,4.5,2020-12-19
Long Toast,2020,4.5,2020-12-19
Canvas,2020,3,2020-12-20
Fargo,1996,4.5,2020-12-20
The Prom,2020,2,2020-12-20
Wild at Heart,1990,5,2020-12-20
Mangrove,2020,4.5,2020-12-21
Lovers Rock,2020,3.5,2020-12-21
A Muppets Christmas: Letters to Santa,2008,3.5,2020-12-21
It's a Very Merry Muppet Christmas Movie,2002,3.5,2020-12-21
Feels Good Man,2020,4.5,2020-12-22
Sonic the Hedgehog,2020,3,2020-12-22
Red White and Blue,2020,4,2020-12-22
The Muppet Christmas Carol,1992,4,2020-12-22
The Good Dinosaur,2015,2.5,2020-12-23
Shadow,2018,3,2020-12-23
Dr. Seuss' The Grinch Musical,2020,0.5,2020-12-23
Black Bear,2020,4.5,2020-12-24
Bad Education,2019,4,2020-12-24
Mickey's Once Upon a Christmas,1999,4.5,2020-12-24
Klaus,2019,4,2020-12-25
Soul,2020,3.5,2020-12-25
Home Alone,1990,4,2020-12-25
Home Alone 2: Lost in New York,1992,3.5,2020-12-25
Alex Wheatle,2020,3,2020-12-26
Education,2020,3.5,2020-12-26
Ma Rainey's Black Bottom,2020,3,2020-12-26
Shirley,2020,4,2020-12-26
Dick Johnson Is Dead,2020,4,2020-12-26
Scoob!,2020,1,2020-12-27
Possessor,2020,4,2020-12-27
I'm Thinking of Ending Things,2020,5,2020-12-27
Another Round,2020,4,2020-12-28
She Dies Tomorrow,2020,2.5,2020-12-28
Labyrinth,1986,3.5,2020-12-29
Wendy,2020,2,2020-12-29
Disclosure,2020,3.5,2020-12-30
Kajillionaire,2020,4.5,2020-12-30
Sorry We Missed You,2019,4.5,2020-12-31
Tenet,2020,3,2020-12-31
Female Trouble,1974,4.5,2021-01-01
Ratatouille: The TikTok Musical,2021,3.5,2021-01-02
Anastasia,1997,4,2021-01-03
Stop Making Sense,1984,5,2021-01-04
Wolfwalkers,2020,4,2021-01-05
Collective,2019,4.5,2021-01-05
Beastie Boys Story,2020,4,2021-01-06
Rabbits,2002,4,2021-01-09
Repo Man,1984,3.5,2021-01-09
Sailing with Bushnell Keeler,1967,,2021-01-10
Absurd Encounter with Fear,1967,,2021-01-10
The Cowboy and the Frenchman,1988,3,2021-01-10
2001: A Space Odyssey,1968,4.5,2021-01-10
Day of the Fight,1951,2,2021-01-11
Flying Padre,1951,2,2021-01-11
The Seafarers,1953,2.5,2021-01-11
Jour de fête,1949,4,2021-01-12
Run,2020,2,2021-01-12
The Social Dilemma,2020,1,2021-01-13
Seven Samurai,1954,4.5,2021-01-16
The Straight Story,1999,5,2021-01-17
Serial Mom,1994,5,2021-01-17
Election,1999,4,2021-01-18
Crip Camp: A Disability Revolution,2020,4.5,2021-01-19
Breathless,1960,2.5,2021-01-22
Killer's Kiss,1955,3,2021-01-23
Wolfwalkers,2020,4,2021-01-26
Godzilla,2014,4,2021-01-27
The Blob,1958,3,2021-01-29
Office Space,1999,2,2021-01-31
Ma Rainey's Black Bottom,2020,3,2021-02-04
Akira,1988,4,2021-02-05
House,1977,5,2021-02-07
Women on the Verge of a Nervous Breakdown,1988,4,2021-02-12
Godzilla,1954,4,2021-02-12
Shattered Glass,2003,3.5,2021-02-14
Pariah,2011,4.5,2021-02-18
Mishima: A Life in Four Chapters,1985,5,2021-02-19
Godzilla Raids Again,1955,2,2021-02-23
Fantastic Planet,1973,3.5,2021-02-23
Paddington 2,2017,5,2021-02-23
Kennywood Memories,1988,4,2021-02-24
The Birdcage,1996,4,2021-02-25
Once Upon a Time… in Hollywood,2019,3.5,2021-02-25
Judas and the Black Messiah,2021,4.5,2021-02-25
King Kong vs. Godzilla,1963,2.5,2021-02-26
Desert Hearts,1985,3.5,2021-02-26
Professor Marston and the Wonder Women,2017,4,2021-02-27
Blue Collar,1978,4,2021-02-27
Bamboozled,2000,3.5,2021-02-28
Vampire's Kiss,1988,5,2021-02-28
Matewan,1987,5,2021-03-04
Girlfriends,1978,4,2021-03-04
Blue Velvet,1986,3,2021-03-05
The Passion of Joan of Arc,1928,3,2021-03-05
The Last Temptation of Christ,1988,4.5,2021-03-06
Tom & Jerry,2021,0.5,2021-03-07
Nomadland,2020,2.5,2021-03-07
A Hot Dog Program,1999,4,2021-03-10
But I'm a Cheerleader,1999,4,2021-03-11
The Phantom Carriage,1921,,2021-03-12
Sandwiches That You Will Like,2002,4,2021-03-13
A Program About Unusual Buildings & Other Roadside Stuff,2004,3,2021-03-13
An Ice Cream Show,1996,4,2021-03-13
Coded Bias,2020,4,2021-03-14
Grey Gardens,1975,4.5,2021-03-14
Original Cast Album: Company,1970,5,2021-03-17
Blow the Man Down,2019,3.5,2021-03-18
WandaVision,2021,3,2021-03-19
The Man Who Knew Too Much,1934,3,2021-03-19
The Blues Brothers,1980,5,2021-03-21
Stop Making Sense,1984,5,2021-03-22
Citizen Kane,1941,4,2021-03-24
The Secret of Kells,2009,2.5,2021-03-25
The Uninvited,1944,3.5,2021-03-26
Promising Young Woman,2020,2,2021-03-26
Kes,1969,4.5,2021-03-27
Nine to Five,1980,3,2021-03-28
Barbarella,1968,4.5,2021-03-29
Hustlers,2019,4.5,2021-03-31
Kong: Skull Island,2017,3.5,2021-03-31
Time Bandits,1981,4,2021-04-01
Best in Show,2000,3.5,2021-04-01
Godzilla: King of the Monsters,2019,2.5,2021-04-02
Dune,1984,,2021-04-03
Barry Lyndon,1975,4.5,2021-04-04
Sunday in the Park with George,1986,5,2021-04-05
The Lighthouse,2019,5,2021-04-06
A Beautiful Day in the Neighborhood,2019,3,2021-04-07
Whiplash,2014,5,2021-04-07
Spider-Man: Far from Home,2019,3,2021-04-08
Adaptation.,2002,4.5,2021-04-08
Shiva Baby,2020,4,2021-04-09
Persona,1966,4,2021-04-09
Inland Empire,2006,4.5,2021-04-10
Speed Racer,2008,5,2021-04-11
Company,2008,5,2021-04-11
Popstar: Never Stop Never Stopping,2016,4.5,2021-04-13
On the Waterfront,1954,3.5,2021-04-14
O Brother Where Art Thou?,2000,4,2021-04-15
Network,1976,5,2021-04-16
All That Jazz,1979,4,2021-04-16
Lost Highway,1997,3.5,2021-04-17
Hot Rod,2007,4.5,2021-04-17
Young Frankenstein,1974,3,2021-04-18
Godzilla vs. Kong,2021,2,2021-04-20
Dirty Dancing,1987,4.5,2021-04-22
In Bruges,2008,2,2021-04-22
Do the Right Thing,1989,4.5,2021-04-23
Robin Hood: Men in Tights,1993,3,2021-04-24
RoboCop,1987,4,2021-04-24
Jeanne Dielman 23 quai du Commerce 1080 Bruxelles,1975,4,2021-04-25
Juno,2007,4,2021-04-25
The Godfather,1972,4,2021-04-25
Eraserhead,1977,4.5,2021-04-27
Passion,1996,4,2021-04-28
THX 1138,1971,3,2021-04-28
Mondo Trasho,1969,2.5,2021-04-28
Barb & Star Go to Vista Del Mar,2021,3.5,2021-04-29
Hot Fuzz,2007,5,2021-04-29
Three Colours: Blue,1993,4,2021-04-30
The King of Comedy,1982,4.5,2021-05-01
Scream 2,1997,3.5,2021-05-01
Pink Floyd: The Wall,1982,4.5,2021-05-01
Into the Woods,1991,4,2021-05-02
Some Like It Hot,1959,4.5,2021-05-02
True Stories,1986,5,2021-05-02
Stop Making Sense,1984,5,2021-05-03
Neon Genesis Evangelion,1995,4,2021-05-04
Decalogue I,1989,4,2021-05-05
I'm Not There,2007,3.5,2021-05-05
Flashdance,1983,2,2021-05-05
Mortal Kombat,2021,2,2021-05-05
Tenacious D in The Pick of Destiny,2006,3.5,2021-05-06
American Factory,2019,3.5,2021-05-06
Beastie Boys: Video Anthology,2000,4.5,2021-05-07
A Little Night Music,1977,2,2021-05-09
Little Italy,2018,1,2021-05-09
The Matrix Reloaded,2003,3.5,2021-05-10
The Matrix Revolutions,2003,3,2021-05-10
The Animatrix,2003,2.5,2021-05-11
Isle of Dogs,2018,3.5,2021-05-13
Newsies,1992,4.5,2021-05-13
Snowpiercer,2013,3.5,2021-05-14
Hot Rod,2007,4.5,2021-05-15
Being John Malkovich,1999,4.5,2021-05-16
Cecil B. Demented,2000,3.5,2021-05-17
Begin Again,2013,4,2021-05-19
I'm a Cyborg But That's OK,2006,3.5,2021-05-19
Blade Runner 2049,2017,3.5,2021-05-20
The Truman Show,1998,3.5,2021-05-20
Burn!,1969,3.5,2021-05-20
Jellyfish Eyes,2013,2.5,2021-05-21
Purple Rain,1984,1.5,2021-05-22
Polyester,1981,4.5,2021-05-25
Blue Collar,1978,4.5,2021-05-27
Paris Is Burning,1990,3.5,2021-05-28
David Lynch: The Art Life,2016,2.5,2021-05-28
Bo Burnham: Inside,2021,5,2021-05-30
Happy Death Day,2017,3,2021-05-30
Bo Burnham: Inside,2021,5,2021-05-31
The Mitchells vs. The Machines,2021,4,2021-06-01
Thunder Force,2021,1.5,2021-06-01
Cruella,2021,3.5,2021-06-02
Funeral Parade of Roses,1969,4,2021-06-03
Saving Face,2004,3,2021-06-03
The Killing,1956,3,2021-06-05
Minari,2020,4,2021-06-05
Dr. Strangelove or: How I Learned to Stop Worrying and Love the Bomb,1964,4,2021-06-06
Citizenfour,2014,4.5,2021-06-07
Eighth Grade,2018,5,2021-06-08
Bo Burnham: Inside,2021,5,2021-06-08
Neon Genesis Evangelion: The End of Evangelion,1997,4,2021-06-09
Divine Trash,1998,3.5,2021-06-10
Muppet Treasure Island,1996,4,2021-06-10
This Filthy World,2006,4,2021-06-11
Valley of the Dolls,1967,3,2021-06-11
Beyond the Valley of the Dolls,1970,3.5,2021-06-11
Scott Pilgrim vs. the World,2010,5,2021-06-12
The Big Sick,2017,5,2021-06-13
Hedwig and the Angry Inch,2001,4.5,2021-06-15
La Cage aux Folles,1978,3,2021-06-16
Before Night Falls,2000,2.5,2021-06-17
Framing Britney Spears,2021,3,2021-06-19
Showgirls,1995,4.5,2021-06-20
Friends: The Reunion,2021,3,2021-06-21
Shiva Baby,2020,4,2021-06-24
The Straight Story,1999,5,2021-06-27
Great Old Amusement Parks,1999,3.5,2021-06-28
First Reformed,2017,5,2021-07-02
Luca,2021,3.5,2021-07-03
Zola,2020,3.5,2021-07-03
The Black Cauldron,1985,2,2021-07-03
The Comfort of Strangers,1990,2,2021-07-04
My Neighbor Totoro,1988,4,2021-07-04
The Falcon and the Winter Soldier,2021,3,2021-07-05
Shaun of the Dead,2004,4,2021-07-06
Raya and the Last Dragon,2021,2,2021-07-07
Wolfgang,2021,3,2021-07-07
Mishima: A Life in Four Chapters,1985,5,2021-07-08
Kennywood Memories,1988,5,2021-07-09
In the Heights,2021,2.5,2021-07-10
Lemonade Mouth,2011,4.5,2021-07-11
Patty Hearst,1988,4,2021-07-12
Knives Out,2019,4,2021-07-13
Whiplash,2014,5,2021-07-14
Space Jam: A New Legacy,2021,1,2021-07-16
Ingrid Goes West,2017,4.5,2021-07-17
An Evening with Beverly Luff Linn,2018,3,2021-07-17
Desperate Living,1977,3,2021-07-18
A Dirty Shame,2004,4,2021-07-19
Pig,2021,4.5,2021-07-21
Roadrunner: A Film About Anthony Bourdain,2021,3.5,2021-07-22
Xanadu,1980,3,2021-07-23
Jackass: The Movie,2002,3,2021-07-23
Punch-Drunk Love,2002,4,2021-07-23
Jackass Number Two,2006,3.5,2021-07-24
Tampopo,1985,4.5,2021-07-24
Jackass 2.5,2007,2.5,2021-07-25
Alien,1979,4.5,2021-07-25
Multiple Maniacs,1970,4,2021-07-25
Jackass 3D,2010,3,2021-07-26
Jackass 3.5,2011,3,2021-07-27
Old,2021,1,2021-07-28
Jackass Presents: Bad Grandpa,2013,2,2021-07-28
Fear Street: 1994,2021,2.5,2021-07-29
Pink Flamingos,1972,3,2021-07-30
Fear Street: 1978,2021,2.5,2021-07-30
Fear Street: 1666,2021,3,2021-07-31
The Joy of Life,2005,4,2021-07-31
The Celluloid Closet,1995,4,2021-08-01
The World's End,2013,3,2021-08-01
Summer of Soul (...or When the Revolution Could Not Be Televised),2021,3.5,2021-08-02
Lingua Franca,2019,4.5,2021-08-03
Rock 'n' Roll High School,1979,3.5,2021-08-04
The Green Knight,2021,3.5,2021-08-05
Howard,2018,3.5,2021-08-07
Cabaret,1972,5,2021-08-07
The Diane Linkletter Story,1970,2.5,2021-08-08
Dorothy the Kansas City Pot Head,1968,,2021-08-08
30/30 Vision: Three Decades of Strand Releasing,2019,,2021-08-08
Night Is Short Walk on Girl,2017,4,2021-08-08
Gimme Shelter,1970,4,2021-08-09
Annette,2021,1.5,2021-08-09
Fear and Loathing in Las Vegas,1998,3.5,2021-08-10
Psycho Goreman,2020,4.5,2021-08-11
Moonstruck,1987,4.5,2021-08-12
First Reformed,2017,5,2021-08-12
Grand Illusion,1937,3.5,2021-08-13
Smiles of a Summer Night,1955,3.5,2021-08-13
Crisis,1946,2,2021-08-14
The Suicide Squad,2021,3.5,2021-08-14
The House with a Clock in Its Walls,2018,2,2021-08-15
Speed Racer,2008,5,2021-08-15
Arrival,2016,3,2021-08-17
The King of Staten Island,2020,3,2021-08-17
What We Do in the Shadows,2014,4,2021-08-20
Mandy,2018,4.5,2021-08-22
Annette,2021,1.5,2021-08-23
Free Guy,2021,3,2021-08-25
Shangri-La,2021,,2021-08-25
Eternal Sunshine of the Spotless Mind,2004,4,2021-08-26
Taxi Driver,1976,4,2021-08-26
Gone Girl,2014,3,2021-08-28
Inglourious Basterds,2009,4,2021-08-29
Hunt for the Wilderpeople,2016,3.5,2021-08-29
Candyman,1992,3,2021-08-30
The Wolf of Wall Street,2013,4,2021-08-31
Call Me by Your Name,2017,4,2021-08-31
CODA,2021,4.5,2021-09-01
American Psycho,2000,4.5,2021-09-02
Happier Than Ever: A Love Letter to Los Angeles,2021,3.5,2021-09-04
Moonlight,2016,4.5,2021-09-05
Coming to America,1988,3,2021-09-05
Kedi,2016,4,2021-09-05
Cinderella,2021,0.5,2021-09-06
Coming 2 America,2021,3,2021-09-06
Carrie,1976,3.5,2021-09-06
Black Swan,2010,4,2021-09-08
Naked Lunch,1991,3,2021-09-08
The Killing of a Sacred Deer,2017,4,2021-09-09
Nobody,2021,3,2021-09-10
Candyman,2021,3.5,2021-09-10
Evangelion: 1.0 You Are (Not) Alone,2007,3,2021-09-11
Evangelion: 2.0 You Can (Not) Advance,2009,3.5,2021-09-11
Freaky,2020,2.5,2021-09-11
Doctor Strange,2016,3,2021-09-12
Shrek,2001,4.5,2021-09-12
The Card Counter,2021,4.5,2021-09-13
The Stuff,1985,3.5,2021-09-14
Shang-Chi and the Legend of the Ten Rings,2021,3,2021-09-15
Brazil,1985,4.5,2021-09-16
He's All That,2021,1.5,2021-09-16
Hellraiser,1987,3.5,2021-09-17
Loki,2021,4,2021-09-17
Thor: The Dark World,2013,2.5,2021-09-18
The Red Shoes,1948,4,2021-09-21
9/21/21,2021,,2021-09-21
Suspiria,1977,3.5,2021-09-22
Before Sunrise,1995,5,2021-09-23
A Ship Bound for India,1947,2.5,2021-09-23
Señorita,2011,3,2021-09-24
Before Sunset,2004,5,2021-09-25
Hustlers,2019,3.5,2021-09-25
Before Midnight,2013,5,2021-09-26
Sisters,1972,4,2021-09-26
Dear Evan Hansen,2021,2,2021-09-28
Casino Royale,2006,3.5,2021-09-28
Apparition,2012,2.5,2021-09-29
They Live,1988,5,2021-09-30
Scooby-Doo! and KISS: Rock and Roll Mystery,2015,2,2021-10-03
Titane,2021,4,2021-10-04
Quantum of Solace,2008,2.5,2021-10-05
Malignant,2021,2.5,2021-10-06
Stop Making Sense,1984,5,2021-10-07
Black Widow,2021,2.5,2021-10-07
There's Someone Inside Your House,2021,2,2021-10-07
You're Next,2011,4,2021-10-08
Halloween,2018,3.5,2021-10-09
Trick 'r Treat,2007,4,2021-10-10
Serial Mom,1994,5,2021-10-12
Together Together,2021,4.5,2021-10-14
Skyfall,2012,4,2021-10-14
Diana: The Musical,2021,1,2021-10-15
Beastie Boys: Video Anthology,2000,4.5,2021-10-16
Funny Games,1997,4.5,2021-10-17
A Hard Day's Night,1964,3,2021-10-19
The Final Girls,2015,2.5,2021-10-22
Muppets Haunted Mansion,2021,3,2021-10-22
Crash,1996,4.5,2021-10-23
Corpse Bride,2005,3,2021-10-24
Kicking and Screaming,1995,2.5,2021-10-24
The Elephant Man,1980,4,2021-10-26
Donnie Darko,2001,4,2021-10-28
Spectre,2015,3,2021-10-29
Dune,2021,3,2021-10-30
Scream,1996,5,2021-10-30
Scream 2,1997,3.5,2021-10-30
Scream 3,2000,3,2021-10-30
Scream 4,2011,3.5,2021-10-30
Hocus Pocus,1993,4,2021-10-31
No Time to Die,2021,3,2021-11-01
Slacker,1990,2.5,2021-11-01
Last Night in Soho,2021,1.5,2021-11-02
Censor,2021,2.5,2021-11-02
Stalker,1979,4,2021-11-03
The French Dispatch,2021,3,2021-11-04
Willy's Wonderland,2021,2,2021-11-05
Dazed and Confused,1993,4.5,2021-11-07
Hello Dolly!,1969,4.5,2021-11-07
The Rock,1996,3,2021-11-09
Scanners,1981,4,2021-11-09
You've Got Mail,1998,2.5,2021-11-10
The Night Porter,1974,3,2021-11-10
Bicycle Thieves,1948,3.5,2021-11-11
Ratcatcher,1999,4,2021-11-12
Jungle Cruise,2021,1.5,2021-11-12
Armageddon,1998,2,2021-11-13
The Sparks Brothers,2021,3,2021-11-13
Home Sweet Home Alone,2021,0.5,2021-11-14
The Shape of Water,2017,4.5,2021-11-14
Spencer,2021,3.5,2021-11-15
Yojimbo,1961,4,2021-11-16
Princess Mononoke,1997,4,2021-11-16
Shadows,1958,3,2021-11-17
Belfast,2021,3.5,2021-11-18
Prisoners of the Ghostland,2021,2.5,2021-11-20
King Richard,2021,3.5,2021-11-20
Come from Away,2021,4,2021-11-20
Halloween Kills,2021,2,2021-11-20
Billie Eilish: The World's a Little Blurry,2021,3.5,2021-11-21
Walkabout,1971,4,2021-11-21
Evangelion: 3.0 You Can (Not) Redo,2012,3,2021-11-22
Val,2021,4,2021-11-22
The Hunchback of Notre Dame,1996,5,2021-11-23
The Hunchback of Notre Dame II,2002,1,2021-11-23
Fantastic Mr. Fox,2009,4.5,2021-11-23
The Eyes of Tammy Faye,2021,4,2021-11-24
House of Gucci,2021,4,2021-11-24
Under Wraps,2021,0.5,2021-11-24
Yi Yi,2000,4.5,2021-11-25
National Lampoon's Christmas Vacation,1989,0.5,2021-11-25
Unaccompanied Minors,2006,2.5,2021-11-25
Twas the Fight Before Christmas,2021,3.5,2021-11-26
tick tick...BOOM!,2021,4.5,2021-11-26
Sunday in the Park with George,1986,5,2021-11-26
The Thin Blue Line,1988,4,2021-11-28
Company,2008,5,2021-11-28
8-Bit Christmas,2021,2,2021-11-28
Moonstruck,1987,4.5,2021-11-28
Three Colours: White,1994,3.5,2021-11-29
The Father,2020,4.5,2021-11-30
Jonas Brothers Family Roast,2021,1,2021-12-01
Anna and the Apocalypse,2017,3,2021-12-01
The Humans,2021,3,2021-12-02
Christmas ...Again?!,2021,2,2021-12-03
Carol,2015,3.5,2021-12-03
C'mon C'mon,2021,3.5,2021-12-04
Theorem,1968,4,2021-12-05
The Power of the Dog,2021,3.5,2021-12-05
Crimson Peak,2015,3,2021-12-05
Benedetta,2021,4,2021-12-06
Harlan County U.S.A.,1976,5,2021-12-07
Black Christmas,1974,4,2021-12-07
Mandibles,2020,3.5,2021-12-08
Diary of a Wimpy Kid,2021,1,2021-12-08
A Christmas Story,1983,3.5,2021-12-08
Clifford the Big Red Dog,2021,2.5,2021-12-09
Krampus,2015,4,2021-12-09
Ghostbusters: Afterlife,2021,3,2021-12-10
Popstar: Never Stop Never Stopping,2016,4.5,2021-12-10
Twas the Fight Before Christmas,2021,3.5,2021-12-11
Scrooged,1988,2.5,2021-12-12
A Christmas Dance Reunion,2021,2,2021-12-13
South Park: Post COVID,2021,2,2021-12-13
Everybody's Talking About Jamie,2021,3,2021-12-13
Street Gang: How We Got to Sesame Street,2021,3,2021-12-14
Evangelion: 3.0+1.0 Thrice Upon a Time,2021,3.5,2021-12-14
Single All the Way,2021,3,2021-12-14
Nightmare Alley,1947,3,2021-12-14
Passing,2021,4,2021-12-15
All Too Well: The Short Film,2021,3,2021-12-15
Ron's Gone Wrong,2021,3.5,2021-12-15
A Quiet Place,2018,3,2021-12-16
A Quiet Place Part II,2020,2.5,2021-12-16
The Nightmare Before Christmas,1993,4.5,2021-12-16
Nightmare Alley,2021,4.5,2021-12-17
Spin,2021,4,2021-12-17
The Velvet Underground,2021,3,2021-12-18
South Park: Post COVID: The Return of COVID,2021,2.5,2021-12-19
A Forbidden Orange,2021,2.5,2021-12-19
The Muppet Christmas Carol,1992,4,2021-12-19
Emmet Otter's Jug-Band Christmas,1977,4.5,2021-12-19
High School Musical,2006,5,2021-12-19
The Last Duel,2021,3,2021-12-20
Spider-Man: Far from Home,2019,3,2021-12-20
Love Actually,2003,3,2021-12-21
The Electrical Life of Louis Wain,2021,3.5,2021-12-22
The Matrix Resurrections,2021,4,2021-12-22
Nine Days,2020,4,2021-12-23
Don't Look Up,2021,2.5,2021-12-24
Encanto,2021,3.5,2021-12-25
The Scary of Sixty-First,2021,1.5,2021-12-25
The Wonderful World of Disney: Magical Holiday Celebration,2021,2,2021-12-25
Hawkeye,2021,3.5,2021-12-26
Licorice Pizza,2021,3.5,2021-12-26
Planes Trains and Automobiles,1987,4,2021-12-26
Spider-Man: No Way Home,2021,3,2021-12-28
The Nice Guys,2016,5,2021-12-28
Game Night,2018,4,2021-12-29
Red Rocket,2021,4.5,2021-12-30
Bo Burnham: Inside,2021,5,2021-12-31
Che: Part One,2008,4,2022-01-02
The Hunchback of Notre Dame,1996,5,2022-01-02
Che: Part Two,2008,3,2022-01-03
Boyhood,2014,4,2022-01-03
The Curious Case of Benjamin Button,2008,3,2022-01-03
Fishing with John,1991,4,2022-01-03
Hereditary,2018,4,2022-01-04
The Organizer,1963,4,2022-01-05
Fight Club,1999,3,2022-01-05
The Piano Teacher,2001,5,2022-01-05
Eyes Without a Face,1960,3.5,2022-01-07
Ocean's Eleven,2001,4,2022-01-07
Funny Games,1997,5,2022-01-08
The Decameron,1971,4,2022-01-08
Irma Vep,1996,3.5,2022-01-08
Cronos,1992,3,2022-01-09
Pirates of the Caribbean: The Curse of the Black Pearl,2003,3,2022-01-09
The Story of Menstruation,1946,3,2022-01-09
Tootsie,1982,3,2022-01-10
Star Wars: The Last Jedi,2017,4.5,2022-01-10
Three Colours: Red,1994,4,2022-01-10
Hard Boiled,1992,4,2022-01-11
Memories of Murder,2003,4,2022-01-12
Eternals,2021,2,2022-01-12
The Tragedy of Macbeth,2021,3.5,2022-01-15
Cars,2006,4,2022-01-16
The Canterbury Tales,1972,3,2022-01-16
The Lady Vanishes,1938,3.5,2022-01-17
Faces,1968,3,2022-01-17
Monsieur Hulot's Holiday,1953,3.5,2022-01-18
Line Goes Up - The Problem With NFTs,2022,,2022-01-21
Y Tu Mamá También,2001,4.5,2022-01-23
Winnie the Pooh,2011,4,2022-01-23
The Lure,2015,4.5,2022-01-23
Ghost World,2001,3,2022-01-24
Line Goes Up - The Problem With NFTs,2022,4,2022-01-25
Mon Oncle,1958,4,2022-01-26
Jackass: The Movie,2002,3,2022-01-27
Hunger,2008,4,2022-01-28
My Own Private Idaho,1991,3.5,2022-01-29
A Woman Under the Influence,1974,3.5,2022-01-30
The Simpsons Movie,2007,3.5,2022-01-30
The Times of Harvey Milk,1984,4.5,2022-01-31
Blue Is the Warmest Color,2013,2,2022-02-01
The Card Counter,2021,4,2022-02-02
Taste of Cherry,1997,4.5,2022-02-03
Jackass Number Two,2006,3.5,2022-02-03
Sanjuro,1962,4,2022-02-06
Tower of Terror,1997,3,2022-02-06
The Killing of a Chinese Bookie,1976,3,2022-02-07
The Tree of Life,2011,3,2022-02-10
Jackass 3D,2010,3,2022-02-12
I Daniel Blake,2016,5,2022-02-13
Decalogue II,1989,3,2022-02-13
Annette,2021,4,2022-02-13
The Muppets at Walt Disney World,1990,3,2022-02-13
Jackass Forever,2022,5,2022-02-14
Welcome to the Dollhouse,1995,4,2022-02-18
Disney's FastPass: A Complicated History,2021,4,2022-02-18
The Lost Daughter,2021,3.5,2022-02-20
A Bug's Life,1998,3.5,2022-02-20
Kimi,2022,3,2022-02-20
Decalogue III,1989,3.5,2022-02-25
Flee,2021,4,2022-02-27
Descendants,2015,2.5,2022-02-27
Decalogue IV,1989,3.5,2022-03-02
The Power of the Dog,2021,4,2022-03-04
tick tick...BOOM!,2021,5,2022-03-12
Scream,2022,3,2022-03-14
Turning Red,2022,3.5,2022-03-16
West Side Story,2021,3,2022-03-16
Johnny Bubble,2016,4,2022-03-19
Sissy-Boy Slap-Party,2004,4,2022-03-19
Decalogue V,1989,5,2022-03-20
Fresh,2022,3,2022-03-20
Fear & Shame,2017,4,2022-03-20
Decalogue VI,1989,4,2022-03-21
PlayTime,1967,4.5,2022-03-26
Billy Elliot,2000,3.5,2022-03-27
Decalogue VIII,1989,3,2022-03-28
Decalogue IX,1989,3.5,2022-03-28
Visitor Information,2015,,2022-03-29
What Codec Should I Use?,2020,,2022-03-30
Adventureland,2009,4,2022-04-01
Decalogue X,1989,4,2022-04-02
Dekalog,1989,4,2022-04-02
Nathan for You: Finding Frances,2017,4.5,2022-04-02
Suspiria,2018,5,2022-04-03
Trafic,1971,3,2022-04-04
Elephant,1989,4,2022-04-04
May I Please Enter?,2018,3,2022-04-05
Live Forever as You Are Now with Alan Resnick,2013,4,2022-04-05
Chasing Amy,1997,1,2022-04-05
Nowhere,1997,4.5,2022-04-06
Paul Schrader: Man in a Room,2020,3.5,2022-04-08
Moonrise Kingdom,2012,4,2022-04-09
Arabian Nights,1974,4,2022-04-10
The Batman,2022,3,2022-04-10
Before Sunrise,1995,5,2022-04-10
Bad Luck Banging or Loony Porn,2021,1.5,2022-04-11
Everything Everywhere All at Once,2022,4.5,2022-04-11
Atman,1975,3,2022-04-12
Kennywood Memories,1988,5,2022-04-13
The Devil's Backbone,2001,3.5,2022-04-14
What a Girl Wants,2003,2,2022-04-16
7 Days in Hell,2015,3.5,2022-04-16
The Witch,2015,4,2022-04-17
Dead Man,1995,4,2022-04-19
Possession,1981,5,2022-04-20
The Fast and the Furious,2001,2.5,2022-04-21
Benny's Video,1992,4.5,2022-04-22
Female Trouble,1974,4.5,2022-04-23
After Yang,2021,4,2022-04-23
The Battle of Algiers,1966,4,2022-04-23
Drive,2011,4,2022-04-24
Spider-Man,2002,4,2022-04-24
We're All Going to the World's Fair,2021,4,2022-04-25
The Northman,2022,3.5,2022-04-25
Bill & Ted's Bogus Journey,1991,4.5,2022-04-27
Night and Fog,1956,5,2022-04-29
France,2021,3,2022-04-29
Crush,2022,3,2022-04-30
The Irishman,2019,4,2022-04-30
Spring Breakers,2012,2.5,2022-05-01
Jackass Forever,2022,5,2022-05-01
Female Trouble,1974,4.5,2022-05-02
The Human Condition I: No Greater Love,1959,3.5,2022-05-03
Nightcrawler,2014,3.5,2022-05-04
Walk Hard: The Dewey Cox Story,2007,4,2022-05-05
The Last Temptation of Christ,1988,4.5,2022-05-05
Free Voice of Labor: The Jewish Anarchists,1980,4,2022-05-06
Tig Notaro: Drawn,2021,3.5,2022-05-06
CODA,2021,4.5,2022-05-06
71,2014,3.5,2022-05-07
Dunkirk,2017,2.5,2022-05-07
Amour,2012,4.5,2022-05-08
Moon Knight,2022,3,2022-05-08
Don't Worry He Won't Get Far on Foot,2018,4,2022-05-09
Come and See,1985,5,2022-05-10
The Bitter Tears of Petra von Kant,1972,3,2022-05-11
Bill & Ted Face the Music,2020,3,2022-05-13
Pig,2021,4.5,2022-05-15
Samurai I: Musashi Miyamoto,1954,3.5,2022-05-19
Salò or the 120 Days of Sodom,1975,4.5,2022-05-20
Barb & Star Go to Vista Del Mar,2021,4,2022-05-21
Titane,2021,5,2022-05-21
Paris Texas,1984,4,2022-05-22
Jackass 4.5,2022,4,2022-05-22
Chip 'n Dale: Rescue Rangers,2022,2.5,2022-05-23
Nick and Norah's Infinite Playlist,2008,3,2022-05-24
RRR,2022,4.5,2022-05-25
Opening Night,1977,3.5,2022-05-26
Antichrist,2009,3,2022-05-27
Belle,2021,3,2022-05-28
The Eyes of Tammy Faye,2021,4,2022-05-29
The Bob's Burgers Movie,2022,3.5,2022-05-30
Jerrod Carmichael: Rothaniel,2022,4,2022-05-31
Bo Burnham: The Inside Outtakes,2022,4,2022-05-31
Norm Macdonald: Nothing Special,2022,4,2022-06-02
Bo Burnham: Inside,2021,5,2022-06-03
Jerrod Carmichael: Rothaniel,2022,4,2022-06-03
Crush,2022,3.5,2022-06-04
As Tears Go By,1988,3.5,2022-06-04
Fire Island,2022,3.5,2022-06-05
Pygmalion,1938,3,2022-06-06
Stranger by the Lake,2013,3.5,2022-06-07
Shiva Baby,2020,4.5,2022-06-07
Dating Amber,2020,4,2022-06-08
Petite Maman,2021,4,2022-06-09
Rafiki,2018,4,2022-06-10
Mission: Impossible,1996,3,2022-06-10
Bo Burnham: The Inside Outtakes,2022,4,2022-06-10
Barbarella,1968,4.5,2022-06-11
Hedwig and the Angry Inch,2001,5,2022-06-12
Top Gun,1986,3,2022-06-13
Parade,1974,3,2022-06-13
Paterson,2016,4.5,2022-06-14
The Lord of the Rings: The Fellowship of the Ring,2001,4,2022-06-16
Days of Being Wild,1990,3.5,2022-06-17
The Boss Baby,2017,3.5,2022-06-18
Possession,1981,5,2022-06-19
The Lord of the Rings: The Two Towers,2002,4,2022-06-20
Uncharted,2022,2,2022-06-21
Doctor Strange in the Multiverse of Madness,2022,3,2022-06-22
Samurai II: Duel at Ichijoji Temple,1955,3,2022-06-23
On the Count of Three,2021,4,2022-06-24
Camp Rock 2: The Final Jam,2010,4.5,2022-06-24
Jackass Forever,2022,5,2022-06-25
The Great Muppet Caper,1981,4,2022-06-26
Hustle,2022,4,2022-06-29
Windfall,2022,3,2022-06-30
Sorry to Bother You,2018,4,2022-07-01
Song for Rent,1969,,2022-07-02
Workers Leaving the Googleplex,2011,,2022-07-02
Dumping Core,1984,,2022-07-02
Mad God,2021,5,2022-07-02
Paddington,2014,5,2022-07-02
Greener Grass,2019,5,2022-07-03
Suicide Kale,2016,2,2022-07-04
Anomalisa,2015,3,2022-07-05
Walker,1987,4.5,2022-07-07
Dying of the Light,2014,1.5,2022-07-08
Marcel the Shell with Shoes On,2010,,2022-07-09
Paul Robeson: Tribute to an Artist,1979,3,2022-07-09
Chungking Express,1994,4,2022-07-09
Alan Resnick's Enterings,2022,,2022-07-09
Moneyball,2011,3.5,2022-07-10
Terminal USA,1993,4,2022-07-12
Raising Arizona,1987,3.5,2022-07-13
Dead Poets Society,1989,3.5,2022-07-14
Whiplash,2014,5,2022-07-15
Maudie,2016,3.5,2022-07-18
Irreversible,2002,4.5,2022-07-18
Pleasure,2021,4,2022-07-19
Bull Durham,1988,3.5,2022-07-20
Switchblade Sisters,1975,4,2022-07-21
A Scanner Darkly,2006,3,2022-07-22
Z-O-M-B-I-E-S 3,2022,3,2022-07-22
mother!,2017,2.5,2022-07-23
Barry Lyndon,1975,5,2022-07-23
Dying of the Light,2014,3,2022-07-24
Dying of the Light,2014,3,2022-07-24
Lars and the Real Girl,2007,4.5,2022-07-27
A Kid in King Arthur's Court,1995,3,2022-07-27
Army of Darkness,1992,3,2022-07-29
Easy A,2010,3.5,2022-07-31
A League of Their Own,1992,4,2022-07-31
Jerrod Carmichael: 8,2017,4,2022-08-01
Light Sleeper,1992,3.5,2022-08-01
Tour de Pharmacy,2017,3.5,2022-08-02
Badlands,1973,4,2022-08-03
We're All Going to the World's Fair,2021,4,2022-08-03
Hollister,2017,,2022-08-04
Internships,2018,,2022-08-05
A Girl Walks Home Alone at Night,2014,4,2022-08-05
John Wick,2014,3,2022-08-06
Thor: Ragnarok,2017,3.5,2022-08-07
1917,2019,4,2022-08-08
Lightyear,2022,2.5,2022-08-08
Before Sunset,2004,5,2022-08-08
The Gray Man,2022,2.5,2022-08-10
Prey,2022,3.5,2022-08-12
Fallen Angels,1995,4.5,2022-08-12
The Skeleton Twins,2014,3,2022-08-13
8½,1963,3,2022-08-14
Thir13en Ghosts,2001,3,2022-08-14
Nineteen Eighty-Four,1984,2.5,2022-08-15
The Little Guy,2022,,2022-08-16
Groot's Pursuit,2022,,2022-08-16
Groot Takes a Bath,2022,,2022-08-16
Popeye,1980,4,2022-08-17
Men,2022,1.5,2022-08-17
The Brood,1979,3,2022-08-18
Pacific Rim,2013,4,2022-08-18
John Mulaney & The Sack Lunch Bunch,2019,4.5,2022-08-20
Drag Me to Hell,2009,3.5,2022-08-21
Inglourious Basterds,2009,4.5,2022-08-22
Happy Birthday to Me,1981,2.5,2022-08-23
High Fidelity,2000,3,2022-08-24
Death Becomes Her,1992,3.5,2022-08-24
Apollo 10½:  A Space Age Childhood,2022,3,2022-08-26
You Again,2010,1,2022-08-26
There's Something About Mary,1998,2,2022-08-27
Baby Oopsie,2021,3,2022-08-27
Crimes of the Future,2022,4.5,2022-08-28
Singin' in the Rain,1952,4,2022-08-28
What We Do in the Shadows,2014,4,2022-08-28
Cyrano,2021,4,2022-08-29
Stop Making Sense,1984,5,2022-08-30
Sid & Nancy,1986,4,2022-08-30
Fake News And How To Evade It,2017,,2022-08-30
Hardcore,1979,4,2022-09-01
Patriotism,1966,1,2022-09-01
Killer Klowns from Outer Space,1988,4,2022-09-02
PlayTime,1967,4.5,2022-09-03
Anything's Possible,2022,3,2022-09-05
Elvis,2022,3,2022-09-06
Night at the Museum,2006,3,2022-09-06
Thor: Love and Thunder,2022,1.5,2022-09-08
Lux Æterna,2019,4,2022-09-08
The Great Beauty,2013,4,2022-09-09
The Lord of the Rings: The Return of the King,2003,4,2022-09-10
Daughters of Darkness,1971,3,2022-09-10
Bloody Sunday,2002,4.5,2022-09-11
X,2022,2.5,2022-09-13
Affliction,1997,3.5,2022-09-14
The Aviator,2004,3,2022-09-15
House,1977,5,2022-09-16
Do Revenge,2022,2,2022-09-18
Porco Rosso,1992,4,2022-09-20
Child's Play,1988,4,2022-09-21
Until the End of the World,1991,4,2022-09-22
The Departed,2006,4.5,2022-09-22
The Woman King,2022,4,2022-09-24
Child's Play 2,1990,3.5,2022-09-26
The Master of Disguise,2002,0.5,2022-09-27
Anonymous Club,2021,4,2022-09-28
Pingu's The Thing,2012,4.5,2022-10-01
Stop Making Sense,1984,5,2022-10-01
Pink Floyd: The Wall,1982,4.5,2022-10-01
Greener Grass,2019,5,2022-10-01
Vampire's Kiss,1988,5,2022-10-02
Cats,2019,1.5,2022-10-02
High School Musical,2006,5,2022-10-02
My Best Friend's Exorcism,2022,3,2022-10-02
Child's Play 3,1991,3,2022-10-03
His House,2020,3.5,2022-10-04
Trick 'r Treat,2007,5,2022-10-05
Marcel the Shell with Shoes On,2021,4.5,2022-10-07
Hocus Pocus 2,2022,2.5,2022-10-07
Dave Made a Maze,2017,4,2022-10-08
Bride of Chucky,1998,4.5,2022-10-08
Flux Gourmet,2022,3,2022-10-09
Videodrome,1983,5,2022-10-09
Seed of Chucky,2004,5,2022-10-10
Werewolf by Night,2022,2.5,2022-10-11
Curse of Chucky,2013,3,2022-10-11
Speak No Evil,2022,2,2022-10-12
Cult of Chucky,2017,3,2022-10-13
Multiple Maniacs,1970,4,2022-10-14
The Stuff,1985,3.5,2022-10-15
Psycho Goreman,2020,4.5,2022-10-15
Over the Garden Wall,2014,5,2022-10-16
Society,1989,3,2022-10-18
Massacre of the Christians by the Chinese,1900,,2022-10-18
Hellboy,2004,4,2022-10-20
Halloween Kills,2021,2,2022-10-21
Halloween Ends,2022,3.5,2022-10-21
Psycho,1960,3,2022-10-22
Cat People,1982,3.5,2022-10-23
The Red Balloon,1956,4,2022-10-23
Get Out,2017,4,2022-10-23
Hellraiser,2022,3,2022-10-24
Dirtbag,2022,,2022-10-25
Barbarian,2022,4,2022-10-25
The Blair Witch Project,1999,2.5,2022-10-25
Glorious,2022,1.5,2022-10-25
Basket Case,1982,3,2022-10-26
Shivers,1975,3.5,2022-10-26
Bodies Bodies Bodies,2022,2.5,2022-10-27
Spirit Halloween: The Movie,2022,1.5,2022-10-27
Desperate Living,1977,3.5,2022-10-28
The Black Phone,2021,4,2022-10-28
Resident Evil,2002,2,2022-10-28
Halloween,1978,4,2022-10-29
Halloween II,1981,3.5,2022-10-29
Halloween III: Season of the Witch,1982,3.5,2022-10-29
An American Werewolf in London,1981,3.5,2022-10-30
Coraline,2009,4,2022-10-31
Elvira Mistress of the Dark,1988,5,2022-10-31
Child's Play,2019,3,2022-11-01
Heathers: The Musical,2022,4.5,2022-11-01
See How They Run,2022,3,2022-11-01
The Lobster,2015,4.5,2022-11-02
The Boondock Saints,1999,4,2022-11-03
Weird: The Al Yankovic Story,2022,4,2022-11-05
The Banshees of Inisherin,2022,4.5,2022-11-06
Eraserhead,1977,4.5,2022-11-06
Perfect Blue,1997,4.5,2022-11-07
The Outside,2022,4,2022-11-08
The Texas Chain Saw Massacre,1974,4,2022-11-08
I Stand Alone,1998,3.5,2022-11-09
Nope,2022,3,2022-11-10
Whisper of the Heart,1995,4,2022-11-11
Funny Games,2007,4.5,2022-11-12
Cruising,1980,4,2022-11-12
The Swell Season,2011,3.5,2022-11-13
Mothra vs. Godzilla,1964,3.5,2022-11-13
Mad God,2021,5,2022-11-14
Climax,2018,5,2022-11-15
Dogtooth,2009,3,2022-11-15
GoodFellas,1990,4,2022-11-16
Big Trouble in Little China,1986,3.5,2022-11-16
Hit the Road,2021,3.5,2022-11-17
Triangle of Sadness,2022,3.5,2022-11-17
Bowling for Columbine,2002,4,2022-11-18
Sonic the Hedgehog 2,2022,1.5,2022-11-19
Three Thousand Years of Longing,2022,4,2022-11-19
One Cut of the Dead,2017,4,2022-11-20
The Meyerowitz Stories (New and Selected),2017,4.5,2022-11-20
Disney Channel's Theme: A History Mystery,2022,,2022-11-21
Phantom Thread,2017,3.5,2022-11-21
Nacho Libre,2006,3,2022-11-21
Pee-wee's Big Adventure,1985,3.5,2022-11-24
Disenchanted,2022,3,2022-11-25
Silent Night Deadly Night,1984,3,2022-11-26
Don't Worry Darling,2022,2,2022-11-26
Neptune Frost,2021,3,2022-11-27
Sorry We Missed You,2019,5,2022-11-27
Emily the Criminal,2022,4,2022-11-28
Girl Interrupted,1999,3.5,2022-11-30
The Holiday,2006,4,2022-12-01
Happy Together,1997,3,2022-12-02
Basic Instinct,1992,3,2022-12-04
Norma Rae,1979,4,2022-12-04
Twice Upon a Christmas,2001,1.5,2022-12-04
The Viewing,2022,3.5,2022-12-04
Bros,2022,3,2022-12-07
Tokyo Godfathers,2003,3.5,2022-12-07
The Guardians of the Galaxy Holiday Special,2022,2.5,2022-12-07
Kiss Kiss Bang Bang,2005,4,2022-12-10
Under the Skin,2013,4,2022-12-11
Fanny and Alexander,1982,4,2022-12-11
Pearl,2022,2.5,2022-12-12
American Gigolo,1980,4,2022-12-14
Due Date,2010,1.5,2022-12-15
Who Killed Santa? A Murderville Murder Mystery,2022,3,2022-12-16
Parallel Mothers,2021,4,2022-12-18
Deck the Halls,2006,3,2022-12-18
Guillermo del Toro's Pinocchio,2022,4,2022-12-19
Buddies,1985,5,2022-12-21
The Whale,2022,3,2022-12-21
The Eternal Daughter,2022,3,2022-12-21
Adult Swim Yule Log,2022,3.5,2022-12-22
Decision to Leave,2022,4,2022-12-22
Enter the Void,2009,4.5,2022-12-23
Glass Onion,2022,4,2022-12-23
The Actress,2021,,2022-12-23
Top Gun: Maverick,2022,3.5,2022-12-24
It's a Wonderful Life,1946,4.5,2022-12-25
The Gospel According to St. Matthew,1964,3,2022-12-25
The Worst Person in the World,2021,3.5,2022-12-25
Falling for Christmas,2022,1,2022-12-25
Emmet Otter's Jug-Band Christmas,1977,5,2022-12-25
Vortex,2021,4,2022-12-26
TÁR,2022,4.5,2022-12-26
History of the Occult,2020,3,2022-12-27
Drive My Car,2021,4,2022-12-29
Night of the Coconut,2022,3,2022-12-29
Avatar: The Way of Water,2022,3,2022-12-30
Glass Onion,2022,4,2022-12-30
Lyle Lyle Crocodile,2022,4,2022-12-31
Bones and All,2022,4.5,2023-01-01
Rear Window,1954,3.5,2023-01-01
Shore Things,1996,3,2023-01-02
Ethnic Notions,1986,4,2023-01-03
Tongues Untied,1989,4.5,2023-01-03
The Alphabet,1969,,2023-01-03
Six Men Getting Sick,1967,,2023-01-03
Affirmations,1990,,2023-01-03
Anthem,1992,,2023-01-03
Color Adjustment,1992,4,2023-01-03
No Regret,1993,4,2023-01-03
Black Is… Black Ain’t,1994,4.5,2023-01-04
The Godfather: Part II,1974,4,2023-01-05
The Final Exit of the Disciples of Ascensia,2019,4,2023-01-06
Rosetta,1999,3.5,2023-01-06
And Then We Danced,2019,3.5,2023-01-06
Magic Mike,2012,3.5,2023-01-07
SexWorld,1978,3,2023-01-08
White Noise,2022,4,2023-01-08
This Place Rules,2022,3,2023-01-08
Man Bites Dog,1992,3.5,2023-01-09
Dog Eat Dog,2016,2,2023-01-10
A Dog's Will,2000,2.5,2023-01-11
Slumdog Millionaire,2008,3,2023-01-12
Friday the 13th Part 2,1981,2.5,2023-01-13
Friday the 13th Part III,1982,2,2023-01-13
12 Angry Men,1957,5,2023-01-15
Skinamarink,2022,4,2023-01-16
Cloud Atlas,2012,4,2023-01-18
A Brighter Summer Day,1991,4,2023-01-19
My Winnipeg,2007,4,2023-01-21
Good Will Hunting,1997,4,2023-01-22
The Farewell,2019,4,2023-01-22
Starlet,2012,4.5,2023-01-23
4 Months 3 Weeks and 2 Days,2007,4,2023-01-24
The Shawshank Redemption,1994,3.5,2023-01-25
Pink Flamingos,1972,4,2023-01-27
Stop Making Sense,1984,5,2023-01-29
Casablanca,1942,4,2023-01-31
3 Women,1977,4,2023-02-01
Ossos,1997,2.5,2023-02-02
From Dusk Till Dawn,1996,4.5,2023-02-03
Fat Girl,2001,4,2023-02-04
Contempt,1963,3.5,2023-02-05
Code Unknown,2000,4.5,2023-02-08
Nashville,1975,4.5,2023-02-10
The Northman,2022,4,2023-02-12
News from Home,1976,3,2023-02-16
Pride,2014,4.5,2023-02-17
I Want You Back,2022,3.5,2023-02-19
All Quiet on the Western Front,2022,3,2023-02-21
Green Book,2018,1.5,2023-02-28
Fire of Love,2022,3,2023-03-06
Stop Making Sense,1984,5,2023-03-08
Stop Making Sense,1984,5,2023-03-08
Stop Making Sense,1984,5,2023-03-08
Stop Making Sense,1984,5,2023-03-08
Stop Making Sense,1984,5,2023-03-09
Stop Making Sense,1984,5,2023-03-09
Stop Making Sense,1984,5,2023-03-09
Stop Making Sense,1984,5,2023-03-09
Stop Making Sense,1984,5,2023-03-09
Stop Making Sense,1984,5,2023-03-10
David Byrne's American Utopia,2020,5,2023-03-10
Women Talking,2022,3,2023-03-12
The Fabelmans,2022,4,2023-03-12
All the Beauty and the Bloodshed,2022,4,2023-03-12
Please Baby Please,2022,4,2023-03-13
Scorpio Rising,1963,4,2023-03-14
M. Butterfly,1993,3,2023-03-15
Crimes of the Future,1970,1.5,2023-03-15
You Were Never Really Here,2017,4.5,2023-03-16
Crash,1996,4.5,2023-03-17
No Country for Old Men,2007,4,2023-03-18
Long Train Running: A History of the Oakland Blues,1981,3,2023-03-19
The Last Five Years,2014,2,2023-03-19
Holy Motors,2012,5,2023-03-21
In the Mood for Love,2000,4,2023-03-26
Crumb,1994,4.5,2023-03-26
Sid & Nancy,1986,4.5,2023-03-27
Jodorowsky's Dune,2013,2.5,2023-03-27
Daddy Longlegs,2009,3.5,2023-03-30
Training Day,2001,3,2023-03-31
The People Under the Stairs,1991,5,2023-04-01
boygenius: the film,2023,,2023-04-02
Modern Times,1936,4,2023-04-02
We Bare Bears: The Movie,2020,4,2023-04-02
DumbLand,2002,3,2023-04-02
TÁR,2022,4.5,2023-04-08
The Miseducation of Cameron Post,2018,4,2023-04-09
Stereo (Tile 3B of a CAEE Educational Mosaic),1969,1.5,2023-04-10
Auto Focus,2002,4.5,2023-04-10
Untitled: New Blue,1995,,2023-04-11
Puss in Boots: The Last Wish,2022,4,2023-04-15
Happiness,1998,3.5,2023-04-16
Brigsby Bear,2017,4,2023-04-16
Hereditary,2018,4,2023-04-19
The 'Burbs,1989,3,2023-04-21
Cosmopolis,2012,3.5,2023-04-22
A Dangerous Method,2011,3,2023-04-22
Maps to the Stars,2014,3,2023-04-22
Eastern Promises,2007,4,2023-04-23
Ernest & Celestine,2012,3.5,2023-04-23
Baby Oopsie 2: Murder Dolls,2022,3,2023-04-24
Baby Oopsie 3: Burn Baby Burn,2022,3,2023-04-24
John Mulaney: Baby J,2023,3,2023-04-26
Children of Men,2006,4.5,2023-04-26
Black Narcissus,1947,2.5,2023-04-27
Harold and Maude,1971,5,2023-04-27
Charade,1963,4,2023-04-30
Final Destination,2000,3,2023-04-30
Final Destination 2,2003,3,2023-04-30
Final Destination 3,2006,3,2023-04-30
House,1985,2.5,2023-05-02
Black Girl,1966,4.5,2023-05-02
The Deer Hunter,1978,3,2023-05-02
The Menu,2022,2.5,2023-05-03
Babylon,2022,2,2023-05-03
The Favourite,2018,3.5,2023-05-05
Dead Ringers,1988,4.5,2023-05-05
Female Trouble,1974,5,2023-05-05
When Harry Met Sally...,1989,4,2023-05-07
A History of Violence,2005,4,2023-05-08
Some Like It Hot,1959,4.5,2023-05-08
The Dead Zone,1983,3,2023-05-09
Hannah Gadsby: Something Special,2023,3,2023-05-11
The Canyons,2013,1.5,2023-05-11
Mikey and Nicky,1976,4,2023-05-12
Bones,2001,2,2023-05-14
The Honeymoon Killers,1970,2.5,2023-05-15
Inside,2023,2,2023-05-16
The Living End,1992,4,2023-05-17
Night of the Living Dead,1968,4,2023-05-18
A Night on Bald Mountain,1933,4,2023-05-19
Black Panther: Wakanda Forever,2022,3,2023-05-19
National Treasure,2004,3.5,2023-05-21
The Forty-Year-Old Version,2020,4,2023-05-22
Jupiter Ascending,2015,2,2023-05-23
Memento,2000,3.5,2023-05-24
The Seventh Continent,1989,4,2023-05-24
Cruising,1980,4.5,2023-05-27
Norma Rae,1979,4,2023-05-27
House II: The Second Story,1987,2,2023-05-28
The Big Lebowski,1998,4.5,2023-05-28
EO,2022,4,2023-05-29
The Incredibly True Adventure of Two Girls in Love,1995,4,2023-06-01
Ant-Man and the Wasp: Quantumania,2023,2.5,2023-06-02
The Doom Generation,1995,4.5,2023-06-03
Dreams,1990,4,2023-06-04
Lingua Franca,2019,4.5,2023-06-04
The Holy Mountain,1973,5,2023-06-10
The Celluloid Closet,1995,3,2023-06-13
The Times of Harvey Milk,1984,4.5,2023-06-15
Y Tu Mamá También,2001,4.5,2023-06-17
Bound,1996,4.5,2023-06-17
The Apartment,1960,4,2023-06-18
Casa Susanna,2022,3,2023-06-18
Anything Goes,2021,4,2023-06-19
Green Room,2015,4.5,2023-06-20
D.E.B.S.,2004,4,2023-06-20
Knock at the Cabin,2023,2,2023-06-21
Polite Society,2023,3.5,2023-06-21
Phantom of the Paradise,1974,5,2023-06-21
The Lighthouse,2019,5,2023-06-23
True Stories,1986,5,2023-06-23
Crimes of the Future,2022,4.5,2023-06-27
Call Me by Your Name,2017,4,2023-06-28
To Wong Foo Thanks for Everything! Julie Newmar,1995,3,2023-07-02
M3GAN,2022,2.5,2023-07-03
There Will Be Blood,2007,4,2023-07-03
Mysterious Skin,2004,5,2023-07-05
Sweet Smell of Success,1957,3.5,2023-07-06
Black Dynamite,2009,5,2023-07-09
The Slumber Party Massacre,1982,3.5,2023-07-09
Ziggy Stardust and the Spiders from Mars,1979,5,2023-07-10
Rebellion in Patagonia,1974,4.5,2023-07-14
Finally Got the News,1970,4,2023-07-15
The United Mine Workers of America 1970: A House Divided,1971,,2023-07-15
Los Trabajadores,2003,,2023-07-15
I'm NOT on the Menu,2018,,2023-07-15
Please Baby Please,2022,4.5,2023-07-16
Living with Chucky,2022,3,2023-07-18
Shit & Champagne,2020,3,2023-07-21
Thrust!,2022,2,2023-07-22
The Royal Tenenbaums,2001,4,2023-07-23
The Handmaiden,2016,4,2023-07-23
The Life Aquatic with Steve Zissou,2004,3.5,2023-07-24
Infinity Pool,2023,4,2023-07-25
Bulworth,1998,4,2023-07-27
Oppenheimer,2023,4,2023-07-27
Klute,1971,3.5,2023-07-29
Barbie,2023,4.5,2023-07-30
Guys & Balls,2004,3,2023-07-30
Being There,1979,5,2023-07-31
Daisies,1966,3.5,2023-08-04
Evil Dead Rise,2023,3,2023-08-05
Cocaine Bear,2023,1.5,2023-08-05
Cyrano,2021,4,2023-08-06
Jackass Shark Week,2021,2.5,2023-08-09
The Super Mario Bros. Movie,2023,3,2023-08-10
Smoking Causes Coughing,2022,4,2023-08-12
Harakiri,1962,4.5,2023-08-13
They Cloned Tyrone,2023,4,2023-08-14
Oldboy,2003,4.5,2023-08-16
Safe,1995,4.5,2023-08-19
Rat Race,2001,3,2023-08-19
The Wild One,1953,3.5,2023-08-20
Aftersun,2022,4.5,2023-08-24
How to Blow Up a Pipeline,2022,3.5,2023-08-26
Okja,2017,3.5,2023-08-26
Red White & Royal Blue,2023,2,2023-08-27
Texas Chainsaw Massacre,2022,1.5,2023-08-28
Party Girl,1995,3.5,2023-09-02
Phantom of the Paradise,1974,5,2023-09-02
Ghost World,2001,3.5,2023-09-03
Train to Busan,2016,4,2023-09-04
I Like Movies,2022,4,2023-09-05
Bram Stoker's Dracula,1992,4.5,2023-09-07
80 for Brady,2023,3.5,2023-09-08
Sweet Movie,1974,2,2023-09-08
Bottoms,2023,5,2023-09-09
Inside Llewyn Davis,2013,4,2023-09-10
Let the Right One In,2008,5,2023-09-11
Knives Out,2019,4,2023-09-15
Eve's Bayou,1997,4,2023-09-17
Argo,2012,3,2023-09-17
Fool's Paradise,2023,1,2023-09-19
Hoop Dreams,1994,5,2023-09-21
Machete,2007,,2023-09-21
Planet Terror,2007,3.5,2023-09-21
Werewolf Women of the S.S.,2007,,2023-09-21
Don't,2007,,2023-09-21
Thanksgiving,2007,,2023-09-21
Tales from the Crypt,1972,3,2023-09-22
Stop Making Sense,1984,5,2023-09-23
Vampire's Kiss,1988,5,2023-09-23
Malignant,2021,3.5,2023-09-24
Barton Fink,1991,4,2023-09-24
Sanctuary,2022,4,2023-09-26
Take Out,2004,4,2023-09-28
Dracula 3000,2004,0.5,2023-09-28
The Abominable Dr. Phibes,1971,3.5,2023-09-29
Flesh for Frankenstein,1973,3,2023-09-29
Stop Making Sense,1984,5,2023-09-30
Behind the Mask: The Rise of Leslie Vernon,2006,4,2023-10-04
Master Gardener,2022,3.5,2023-10-05
Hellbound: Hellraiser II,1988,4.5,2023-10-06
Camp Rock 2: The Final Jam,2010,4.5,2023-10-07
New York Ninja,2021,3.5,2023-10-08
Killer Klowns from Outer Space,1988,4,2023-10-08
Stop Making Sense,1984,5,2023-10-08
The Lost Boys,1987,4.5,2023-10-08
One Cut of the Dead,2017,4,2023-10-09
Kill Boksoon,2023,3.5,2023-10-11
Strange Way of Life,2023,4,2023-10-12
The Human Voice,2020,4.5,2023-10-12
Sick of Myself,2022,4,2023-10-12
The Virgin Suicides,1999,4,2023-10-14
The Celebration,1998,4.5,2023-10-15
Asylum,1972,2,2023-10-16
Casper,1995,2,2023-10-18
House of Wax,2005,3.5,2023-10-19
La Llorona,2019,4,2023-10-21
The Last House on the Left,1972,2.5,2023-10-21
Warm Bodies,2013,2.5,2023-10-22
The Wonderful Story of Henry Sugar,2023,4,2023-10-22
Midnight Cowboy,1969,4.5,2023-10-23
The Omen,1976,3.5,2023-10-24
Vampyr,1932,4,2023-10-25
The Hills Have Eyes,1977,3.5,2023-10-25
Black Sunday,1960,2,2023-10-26
Free Voice of Labor: The Jewish Anarchists,1980,4,2023-10-27
Victor and Victoria,1933,3.5,2023-10-27
Victor/Victoria,1982,4,2023-10-27
No Hard Feelings,2023,3,2023-10-28
Newsies,1992,5,2023-10-28
A Nightmare on Elm Street 4: The Dream Master,1988,3,2023-10-29
The Wrath of Becky,2023,3.5,2023-10-29
Ring,1998,4,2023-10-29
The Outwaters,2022,,2023-10-30
It's the Great Pumpkin Charlie Brown,1966,,2023-10-31
Wallace & Gromit: The Curse of the Were-Rabbit,2005,4.5,2023-10-31
Slotherhouse,2023,2.5,2023-10-31
Poison,2023,4.5,2023-11-01
The Rat Catcher,2023,4,2023-11-01
Passages,2023,4,2023-11-02
Theater Camp,2023,4,2023-11-04
The Swan,2023,3.5,2023-11-05
The Civil Dead,2022,4,2023-11-05
Meantime,1983,4,2023-11-06
John Wick,2014,3.5,2023-11-08
John Wick: Chapter 2,2017,4,2023-11-09
Popstar: Never Stop Never Stopping,2016,5,2023-11-11
John Wick: Chapter 3 – Parabellum,2019,4,2023-11-11
Fantastic Mr. Fox,2009,5,2023-11-12
John Wick: Chapter 4,2023,4,2023-11-14
Watermelon Man,1970,4,2023-11-15
Magic Mike XXL,2015,4.5,2023-11-16
The Holdovers,2023,5,2023-11-18
The Man Who Killed Don Quixote,2018,4,2023-11-19
A Room with a View,1986,3.5,2023-11-20
La Strada,1954,3,2023-11-21
Chris Fleming: Hell,2023,3.5,2023-11-23
The Five Devils,2022,3.5,2023-11-23
Beau Is Afraid,2023,4.5,2023-11-24
Are You There God? It's Me Margaret.,2023,3.5,2023-11-26
Hoodwinked!,2005,4,2023-11-26
Magic Mike's Last Dance,2023,3,2023-11-27
Moonage Daydream,2022,4,2023-11-29
Asteroid City,2023,4.5,2023-11-30
Dream Scenario,2023,3.5,2023-12-02
Wingwomen,2023,3.5,2023-12-03
Violent Night,2022,2.5,2023-12-03
Mike Birbiglia: The Old Man and the Pool,2023,4,2023-12-05
Piaffe,2022,3.5,2023-12-06
May December,2023,4.5,2023-12-07
The Muppet Christmas Carol,1992,4,2023-12-09
Leave the World Behind,2023,1.5,2023-12-11
Winnie the Pooh: Blood and Honey,2023,1.5,2023-12-13
Home Alone,1990,4,2023-12-16
The Naughty Nine,2023,1.5,2023-12-16
The Boy and the Heron,2023,4.5,2023-12-17
Mickey's Once Upon a Christmas,1999,4.5,2023-12-17
Christmas with the Kranks,2004,3,2023-12-17
Barbie,2023,4,2023-12-17
Home Alone 2: Lost in New York,1992,4,2023-12-17
Merry Christmas Mr. Lawrence,1983,4.5,2023-12-18
The Adventures of Baron Munchausen,1988,3.5,2023-12-19
Flora and Son,2023,4,2023-12-20
Fingernails,2023,3.5,2023-12-21
The Holiday,2006,4,2023-12-21
Saltburn,2023,2.5,2023-12-22
Treevenge,2008,4,2023-12-24
Godzilla Minus One,2023,4.5,2023-12-24
Cars,2006,4,2023-12-25
Killers of the Flower Moon,2023,4,2023-12-25
Dicks: The Musical,2023,4,2023-12-26
Poor Things,2023,4.5,2023-12-26
Anatomy of a Fall,2023,4,2023-12-26
Body and Soul,1925,,2023-12-26
Dicks: The Musical,2023,4,2023-12-27
Spider-Man: Across the Spider-Verse,2023,4.5,2023-12-27
Weekend,1967,1.5,2023-12-27
Beyond Utopia,2023,3,2023-12-28
Past Lives,2023,4,2023-12-28
Godland,2022,3.5,2023-12-29
Ghidorah the Three-Headed Monster,1964,3.5,2023-12-29
The Magician,1958,3,2023-12-30
The Ballad of Narayama,1958,4,2023-12-30
The Holdovers,2023,5,2023-12-31
Symbiopsychotaxiplasm: Take One,1968,4.5,2024-01-02
Poison,1991,4,2024-01-02
Stop Making Sense,1984,5,2024-01-02
10 Things I Hate About You,1999,3.5,2024-01-03
The Young Girls of Rochefort,1967,4.5,2024-01-05
Superstar: The Karen Carpenter Story,1987,4,2024-01-06
Escape from New York,1981,4,2024-01-06
Freaks,1932,4.5,2024-01-07
What Ever Happened to Baby Jane?,1962,4,2024-01-07
RoboCop,1987,4.5,2024-01-08
Raging Bull,1980,4,2024-01-11
Dottie Gets Spanked,1993,4.5,2024-01-11
Tokyo Drifter,1966,3,2024-01-12
Hellboy,2004,4.5,2024-01-13
Bottoms,2023,5,2024-01-14
Jawbreaker,1999,3.5,2024-01-15
Freeway,1996,5,2024-01-17
Fahrenheit 9/11,2004,3.5,2024-01-18
Daddy and the Muscle Academy,1991,3,2024-01-19
Sympathy for Mr. Vengeance,2002,4,2024-01-20
Frownland,2007,4,2024-01-20
Southland Tales,2006,3.5,2024-01-21
Safe,1995,5,2024-01-21
Vagabond,1985,4,2024-01-24
Maestro,2023,2.5,2024-01-25
Beau Travail,1999,4,2024-01-27
Bee Movie,2007,3,2024-01-27
Snakes on a Plane,2006,5,2024-01-27
The Zone of Interest,2023,5,2024-01-28
Police Story,1985,4.5,2024-01-28
The French Connection,1971,4,2024-01-31
Lessons of Darkness,1992,4,2024-02-01
Monsoon Wedding,2001,4,2024-02-02
Falcon Lake,2022,3.5,2024-02-04
The Unknown,1927,3,2024-02-04
La La Land,2016,2.5,2024-02-04
Shaft,1971,4,2024-02-05
One Flew Over the Cuckoo's Nest,1975,3.5,2024-02-08
A Matter of Life and Death,1946,4.5,2024-02-09
Rocky,1976,4,2024-02-09
Belle de Jour,1967,4,2024-02-10
Autumn Sonata,1978,4,2024-02-11
Black Swan,2010,4,2024-02-11
Sherlock Jr.,1924,4,2024-02-12
Witness for the Prosecution,1957,4.5,2024-02-15
Antichrist,2009,3,2024-02-15
2046,2004,2.5,2024-02-16
71 Fragments of a Chronology of Chance,1994,4,2024-02-17
Party Girl,1995,4.5,2024-02-18
Adam Resurrected,2008,2,2024-02-19
Wylie Avenue Days,1991,,2024-02-20
The Wind That Shakes the Barley,2006,4.5,2024-02-21
Bringing Out the Dead,1999,4.5,2024-02-22
Drive-Away Dolls,2024,2.5,2024-02-24
Sweet Sweetback's Baadasssss Song,1971,4,2024-02-25
Ratatouille,2007,5.0,2024-03-05
The Terminator,1984,5.0,2024-03-05
Tangled,2010,5.0,2024-03-07
